{
	"format_version": "1.8.0",
	"animations": {
		"animation.mb.idle": {
			"loop": true,
			"animation_length": 1,
			"bones": {
				"head": {
					"rotation": {
						"0.0": [1, 0, 1],
						"0.2083": [-2, 0, -1],
						"0.4167": [-0.99726, 0.10465, 1.99818],
						"0.6667": [-1.00195, -1.94738, -0.9664],
						"0.875": [-1.06943, 2.08808, 0.95977],
						"1.0": [1, 0, 1]
					}
				},
				"body": {
					"rotation": {
						"0.0": [3, 0, 2],
						"0.2083": [-0.99863, -0.05233, -0.99954],
						"0.4167": [1.00015, 0.01745, 2.99985],
						"0.6667": [-1.00505, -0.8953, -2.01676],
						"0.875": [-0.84243, 3.1525, 0.91712],
						"1.0": [3, 0, 2]
					}
				}
			}
		},
		"animation.mb.idle2": {
			"loop": true,
			"animation_length": 1,
			"bones": {
				"head": {
					"rotation": {
						"0.0": [1, 0, 1],
						"0.0417": [-2.09655, 7.49982, 0.65266],
						"0.0833": [2.93745, 0.62811, 0.42009],
						"0.125": [6.29327, 2.91811, 0.00314],
						"0.1667": [-0.34209, -6.03567, -0.78012],
						"0.2083": [-2, 0, -1],
						"0.25": [-1.69543, 3.08049, 1.50725],
						"0.2917": [1.28093, -1.8039, -3.46135],
						"0.3333": [1, 0, 1],
						"0.375": [-2.09655, 7.49982, 0.65266],
						"0.4167": [2.93745, 0.62811, 0.42009],
						"0.4583": [6.29327, 2.91811, 0.00314],
						"0.5": [-0.34209, -6.03567, -0.78012],
						"0.5417": [-2, 0, -1],
						"0.5833": [-1.69543, 3.08049, 1.50725],
						"0.625": [1.28093, -1.8039, -3.46135],
						"0.6667": [1, 0, 1],
						"0.7083": [-2.09655, 7.49982, 0.65266],
						"0.75": [2.93745, 0.62811, 0.42009],
						"0.7917": [6.29327, 2.91811, 0.00314],
						"0.8333": [-0.34209, -6.03567, -0.78012],
						"0.875": [-2, 0, -1],
						"0.9167": [-1.69543, 3.08049, 1.50725],
						"0.9583": [1.28093, -1.8039, -3.46135],
						"1.0": [1, 0, 1]
					}
				},
				"body": {
					"rotation": {
						"0.0": [3, 0, 2],
						"0.0417": [-0.99863, -0.05233, -0.99954],
						"0.0833": [1.00015, 0.01745, 2.99985],
						"0.125": [-1.00505, -0.8953, -2.01676],
						"0.1667": [-0.84243, 3.1525, 0.91712],
						"0.2083": [3, 0, 2],
						"0.25": [3, 0, 2],
						"0.2917": [-0.99863, -0.05233, -0.99954],
						"0.3333": [1.00015, 0.01745, 2.99985],
						"0.375": [-1.00505, -0.8953, -2.01676],
						"0.4167": [-0.84243, 3.1525, 0.91712],
						"0.4583": [3, 0, 2],
						"0.5": [3, 0, 2],
						"0.5417": [-0.99863, -0.05233, -0.99954],
						"0.5833": [1.00015, 0.01745, 2.99985],
						"0.625": [-1.00505, -0.8953, -2.01676],
						"0.6667": [-0.84243, 3.1525, 0.91712],
						"0.7083": [3, 0, 2],
						"0.75": [3, 0, 2],
						"0.7917": [-0.99863, -0.05233, -0.99954],
						"0.8333": [1.00015, 0.01745, 2.99985],
						"0.875": [-1.00505, -0.8953, -2.01676],
						"0.9167": [-0.84243, 3.1525, 0.91712],
						"0.9583": [3, 0, 2]
					}
				},
				"L_leg": {
					"rotation": {
						"0.0": [0, -5, 0],
						"0.0417": [0, 0, 0],
						"0.0833": [0, -5, 0],
						"0.125": [0, -5, 0],
						"0.1667": [0, 0, 0],
						"0.2083": [0, -5, 0],
						"0.25": [0, 0, 0],
						"0.2917": [0, -5, 0],
						"0.3333": [0, 0, 0],
						"0.375": [0, -5, 0],
						"0.4167": [0, 0, 0],
						"0.4583": [0, -5, 0],
						"0.5": [0, -5, 0],
						"0.5417": [0, -5, 0],
						"0.5833": [0, 0, 0],
						"0.625": [0, -5, 0],
						"0.6667": [0, 0, 0],
						"0.7083": [0, -5, 0],
						"0.75": [0, -5, 0],
						"0.7917": [0, 0, 0],
						"0.8333": [0, -5, 0],
						"0.875": [0, 0, 0],
						"0.9167": [0, -5, 0],
						"0.9583": [0, -5, 0],
						"1.0": [0, 0, 0]
					}
				},
				"R_leg": {
					"rotation": {
						"0.0": [0, 4, 0],
						"0.0417": [0, -6, 0],
						"0.0833": [0, 4, 0],
						"0.125": [0, -6, 0],
						"0.1667": [0, 4, 0],
						"0.2083": [0, -6, 0],
						"0.25": [0, 4, 0],
						"0.2917": [0, -6, 0],
						"0.3333": [0, 4, 0],
						"0.375": [0, -6, 0],
						"0.4167": [0, 4, 0],
						"0.4583": [0, -6, 0],
						"0.5": [0, 4, 0],
						"0.5417": [0, -6, 0],
						"0.5833": [0, 4, 0],
						"0.625": [0, -6, 0],
						"0.6667": [0, 4, 0],
						"0.7083": [0, 4, 0],
						"0.75": [0, 4, 0],
						"0.7917": [0, -6, 0],
						"0.8333": [0, 4, 0],
						"0.875": [0, -6, 0],
						"0.9167": [0, 4, 0],
						"0.9583": [0, 4, 0],
						"1.0": [0, -6, 0]
					}
				}
			}
		},
		"animation.mb.attack": {
			"loop": true,
			"animation_length": 0.5,
			"bones": {
				"head": {
					"rotation": {
						"0.0": [0, 0, 0],
						"0.125": [-60.10922, -3.53329, 3.54002],
						"0.1667": [-45.15891, 3.96852, -9.45871],
						"0.2083": [17.75137, 0.94677, 0.08373]
					},
					"scale": {
						"0.0": [1, 1, 1],
						"0.125": [1, 1, 1.71],
						"0.2083": [1, 1, 1.61],
						"0.4583": [1, 1, 1.11]
					}
				},
				"L_arm": {
					"rotation": {
						"0.0": [0, 0, 0],
						"0.125": [212.5, 0, 0],
						"0.2083": [305, 0, 0]
					},
					"scale": {
						"0.0": [1, 1, 1],
						"0.2083": [1, 1.2, 1]
					}
				},
				"R_arm": {
					"rotation": {
						"0.0": [0, 0, 0],
						"0.125": [-220, 0, 0],
						"0.2083": [-297.5, 0, 0]
					},
					"scale": {
						"0.0": [1, 1, 1],
						"0.2083": [1, 1.5, 1]
					}
				},
				"body": {
					"rotation": {
						"0.0": [0, 0, 0],
						"0.125": [-24.52824, -7.49698, 14.12783],
						"0.1667": [-27.82737, 2.86723, -15.5778],
						"0.2083": [22.27239, 1.82525, -2.49336]
					},
					"position": {
						"0.0": [0, 0, 0],
						"0.125": [0, 0.2, -0.1],
						"0.2083": [0, 0, 0.1]
					},
					"scale": {
						"0.0": [1, 1, 1],
						"0.125": [1.17, 1, 1.32],
						"0.4583": [0.97, 1, 1.12]
					}
				},
				"powder...": {
					"rotation": {
						"0.0": [0, 0, 0],
						"0.2083": [-42.39848, 13.07102, 13.91153],
						"0.4583": [-21.94027, 6.58731, 16.59088]
					},
					"position": {
						"0.0": [0, 0, 0],
						"0.125": [-1.83, -2.7, -3.13],
						"0.2083": [-1.1, 3.6, -3.5],
						"0.25": [-4.38, -2.03, -9.92],
						"0.4583": [-4.6, -6.8, -14.4]
					},
					"scale": {
						"0.0": [1, 1, 1],
						"0.4583": [6.2, 5.51, 1]
					}
				},
				"powder...2": {
					"rotation": {
						"0.0": [0, 0, 0],
						"0.2083": [-28, 0, 0]
					},
					"position": {
						"0.0": [0, 0, 0],
						"0.2083": [0, 2.6, -2.8],
						"0.25": [0, -0.35, -4.48],
						"0.4583": [0, -1.9, -7.5]
					},
					"scale": {
						"0.0": [1, 1, 1],
						"0.4583": [3.57, 2.82, 1]
					}
				},
				"powder...3": {
					"position": {
						"0.0": [0, 0, 0],
						"0.2083": [0, 2.4, -0.8],
						"0.2917": [0, -2.43, -0.97],
						"0.4583": [0, -4.9, -1.3]
					},
					"scale": {
						"0.0": [1, 1, 1],
						"0.4583": [2.38, 3.24, 1]
					}
				},
				"powder...4": {
					"rotation": {
						"0.0": [0, 0, 0],
						"0.4583": [-22, 0, 0]
					},
					"position": {
						"0.0": [0, 0, 0],
						"0.2083": [0, 2.5, -1.4],
						"0.25": [0, -3.32, -3.93],
						"0.4583": [0, -4.8, -10.6]
					},
					"scale": {
						"0.0": [1, 1, 1],
						"0.4583": [4.84, 4.15, 1]
					}
				}
			}
		},
		"animation.mb.walk": {
			"loop": true,
			"animation_length": 0.9167,
			"bones": {
				"head": {
					"rotation": {
						"0.0": [9.19767, 11.8501, 1.90445],
						"0.0417": [9.01215, -2.96303, -0.46972],
						"0.0833": [9.31202, -14.81107, -2.40023],
						"0.1667": [9.19767, 11.8501, 1.90445],
						"0.2083": [9.01215, -2.96303, -0.46972],
						"0.25": [9.31202, -14.81107, -2.40023],
						"0.3333": [9.19767, 11.8501, 1.90445],
						"0.375": [9.01215, -2.96303, -0.46972],
						"0.4167": [9.31202, -14.81107, -2.40023],
						"0.5": [9.19767, 11.8501, 1.90445],
						"0.5417": [9.01215, -2.96303, -0.46972],
						"0.5833": [9.31202, -14.81107, -2.40023],
						"0.6667": [9.19767, 11.8501, 1.90445],
						"0.7083": [9.01215, -2.96303, -0.46972],
						"0.75": [9.31202, -14.81107, -2.40023],
						"0.8333": [9.19767, 11.8501, 1.90445],
						"0.875": [9.01215, -2.96303, -0.46972],
						"0.9167": [9.31202, -14.81107, -2.40023]
					},
					"position": {
						"0.0": [0, 0, 0],
						"0.0417": [0, -0.1, 0],
						"0.0833": [0, 0, 0],
						"0.1667": [0, 0, 0],